Percent of FADs Removed,SSB/SSBmsy,Benefits,Costs,Surplus
15%,0.6000000000000001,$0.21,$0.17,$0.04
26%,0.7000000000000001,$0.63,$0.82,$-0.19
39%,0.8,$1,$1.5,$-0.5
53%,0.9,$1.5,$2.4,$-0.9
67%,1,$1.9,$3.3,$-1.4
85%,1.1,$2.3,$4.4,$-2.1
100%,1.2000000000000002,$2.7,$5.7,$-3
